{
    "10.1186/s13321-024-00937-7": 4,
    "10.1145/3583131.3590413": 0,
    "10.1515/jib-2022-0006": 22,
    "10.1109/IJCNN55064.2022.9892124": 1,
    "10.1109/IJCNN55064.2022.9891992": 3,
    "10.1007/978-3-030-86258-9_15": 2,
    "10.1021/acs.jcim.0c01496": 105,
    "10.1007/978-3-030-72699-7_6": 5,
    "10.1007/978-3-030-23873-5_20": 6
}